file,line,property,from,to,rule
"packages/ods-recipes/src/components/media-product-card/src/css-modules/index.module.scss","7","row-gap","--ods-theme-row-gap","--ods-semantic-size-space-gap-block","rename"
"packages/ods-recipes/src/components/media-product-card/src/css-modules/index.module.scss","8","padding","--ods-theme-padding-vertical","--ods-semantic-size-space-inset-block","rename"
"packages/ods-recipes/src/components/media-product-card/src/css-modules/index.module.scss","8","padding","--ods-theme-padding-horizontal","--ods-semantic-size-space-inset-inline","rename"
"packages/ods-recipes/src/components/media-product-card/src/css-modules/index.module.scss","17","row-gap","--ods-theme-row-gap","--ods-semantic-size-space-gap-block","rename"
"packages/ods-recipes/src/components/media-product-card/src/css-modules/index.module.scss","22","background-color","--ods-theme-background-color-readonly","--ods-semantic-color-surface-readonly","rename"
"packages/ods-recipes/src/components/media-product-card/src/css-modules/index.module.scss","23","padding","--ods-theme-padding-vertical","--ods-semantic-size-space-inset-block","rename"
"packages/ods-recipes/src/components/media-product-card/src/css-modules/index.module.scss","23","padding","--ods-theme-padding-horizontal","--ods-semantic-size-space-inset-inline","rename"
"packages/ods-recipes/src/components/status-message/src/tailwind/index.tsx","10","","--ods-theme-row-gap","--ods-semantic-size-space-gap-block","rename"
"packages/ods-recipes/src/components/status-message/src/tailwind/index.tsx","11","","--ods-theme-row-gap","--ods-semantic-size-space-gap-block","rename"
"packages/ods-recipes/src/components/status-message/src/css-modules/index.module.scss","5","row-gap","--ods-theme-row-gap","--ods-semantic-size-space-gap-block","rename"
"packages/ods-recipes/src/components/status-message/src/css-modules/index.module.scss","10","row-gap","--ods-theme-row-gap","--ods-semantic-size-space-gap-block","rename"
"packages/ods-recipes/src/components/feature-list/src/css-modules/index.module.scss","4","row-gap","--ods-theme-row-gap","--ods-semantic-size-space-gap-block","rename"
"packages/ods-recipes/src/components/feature-list/src/css-modules/index.module.scss","12","column-gap","--ods-semantic-size-space-gap-inline","--ods-semantic-size-space-gap-inline","rename"
"packages/ods-recipes/src/components/feature-list/src/css-modules/index.module.scss","16","color","--ods-theme-success-color","--ods-semantic-color-content-success","split:content"
"packages/ods-recipes/src/components/feature-list/src/css-modules/index.module.scss","20","margin-left","--ods-semantic-size-space-gap-inline","--ods-semantic-size-space-gap-inline","rename"
"packages/ods-recipes/src/components/feature-list/src/css-modules/index.module.scss","21","color","--ods-theme-primary-color","--ods-semantic-color-content-base","split:content"
"packages/ods-recipes/src/components/dashboard-card/src/tailwind/index.tsx","11","","--ods-theme-row-gap","--ods-semantic-size-space-gap-block","rename"
"packages/ods-recipes/src/components/dashboard-card/src/tailwind/index.tsx","11","","--ods-theme-padding-vertical","--ods-semantic-size-space-inset-block","rename"
"packages/ods-recipes/src/components/dashboard-card/src/tailwind/index.tsx","11","","--ods-theme-padding-horizontal","--ods-semantic-size-space-inset-inline","rename"
"packages/ods-recipes/src/components/dashboard-card/src/tailwind/index.tsx","11","","--ods-theme-text-color","--ods-semantic-color-content-text","rename"
"packages/ods-recipes/src/components/dashboard-card/src/tailwind/index.tsx","19","","--ods-theme-row-gap","--ods-semantic-size-space-gap-block","rename"
"packages/ods-recipes/src/components/dashboard-card/src/tailwind/index.tsx","48","","--ods-theme-row-gap","--ods-semantic-size-space-gap-block","rename"
"packages/ods-recipes/src/components/dashboard-card/src/tailwind/index.tsx","67","","--ods-theme-row-gap","--ods-semantic-size-space-gap-block","rename"
"packages/ods-recipes/src/components/dashboard-card/src/tailwind/index.tsx","74","","--ods-semantic-size-space-gap-inline","--ods-semantic-size-space-gap-inline","rename"
"packages/ods-recipes/src/components/dashboard-card/src/tailwind/index.tsx","95","","--ods-theme-row-gap","--ods-semantic-size-space-gap-block","rename"
"packages/ods-recipes/src/components/dashboard-card/src/tailwind/index.tsx","102","","--ods-theme-row-gap","--ods-semantic-size-space-gap-block","rename"
"packages/ods-recipes/src/components/dashboard-card/src/tailwind/index.tsx","103","","--ods-semantic-size-space-gap-inline","--ods-semantic-size-space-gap-inline","rename"
"packages/ods-recipes/src/components/dashboard-card/src/tailwind/index.tsx","110","","--ods-semantic-size-space-gap-inline","--ods-semantic-size-space-gap-inline","rename"
"packages/ods-recipes/src/components/dashboard-card/src/tailwind/index.tsx","125","","--ods-semantic-size-space-gap-inline","--ods-semantic-size-space-gap-inline","rename"
"packages/ods-recipes/src/components/dashboard-card/src/tailwind/index.tsx","126","","--ods-theme-row-gap","--ods-semantic-size-space-gap-block","rename"
"packages/ods-recipes/src/components/dashboard-card/src/css-modules/index.module.scss","4","row-gap","--ods-theme-row-gap","--ods-semantic-size-space-gap-block","rename"
"packages/ods-recipes/src/components/dashboard-card/src/css-modules/index.module.scss","5","padding","--ods-theme-padding-vertical","--ods-semantic-size-space-inset-block","rename"
"packages/ods-recipes/src/components/dashboard-card/src/css-modules/index.module.scss","5","padding","--ods-theme-padding-horizontal","--ods-semantic-size-space-inset-inline","rename"
"packages/ods-recipes/src/components/dashboard-card/src/css-modules/index.module.scss","6","color","--ods-theme-text-color","--ods-semantic-color-content-text","rename"
"packages/ods-recipes/src/components/dashboard-card/src/css-modules/index.module.scss","18","row-gap","--ods-theme-row-gap","--ods-semantic-size-space-gap-block","rename"
"packages/ods-recipes/src/components/dashboard-card/src/css-modules/index.module.scss","25","column-gap","--ods-semantic-size-space-gap-inline","--ods-semantic-size-space-gap-inline","rename"
"packages/ods-recipes/src/components/dashboard-card/src/css-modules/index.module.scss","34","row-gap","--ods-theme-row-gap","--ods-semantic-size-space-gap-block","rename"
"packages/ods-recipes/src/components/dashboard-card/src/css-modules/index.module.scss","39","column-gap","--ods-semantic-size-space-gap-inline","--ods-semantic-size-space-gap-inline","rename"
"packages/ods-recipes/src/components/dashboard-card/src/css-modules/index.module.scss","48","column-gap","--ods-semantic-size-space-gap-inline","--ods-semantic-size-space-gap-inline","rename"
"packages/ods-recipes/src/components/dashboard-card/src/css-modules/index.module.scss","55","row-gap","--ods-theme-row-gap","--ods-semantic-size-space-gap-block","rename"
"packages/ods-recipes/src/components/chat/src/css-modules/index.module.scss","4","row-gap","--ods-theme-row-gap","--ods-semantic-size-space-gap-block","rename"
"packages/ods-recipes/src/components/chat/src/css-modules/index.module.scss","11","row-gap","--ods-theme-row-gap","--ods-semantic-size-space-gap-block","rename"
"packages/ods-recipes/src/components/chat/src/css-modules/index.module.scss","19","row-gap","--ods-theme-row-gap","--ods-semantic-size-space-gap-block","rename"
"packages/ods-recipes/src/components/chat/src/css-modules/index.module.scss","29","column-gap","--ods-semantic-size-space-gap-inline","--ods-semantic-size-space-gap-inline","rename"
"packages/ods-recipes/src/components/chat/src/css-modules/index.module.scss","36","row-gap","--ods-theme-row-gap","--ods-semantic-size-space-gap-block","rename"
"packages/ods-recipes/src/components/chat/src/css-modules/index.module.scss","45","gap","--ods-theme-row-gap","--ods-semantic-size-space-gap-block","rename"
"packages/ods-recipes/src/components/chat/src/css-modules/index.module.scss","45","gap","--ods-semantic-size-space-gap-inline","--ods-semantic-size-space-gap-inline","rename"
"packages/ods-recipes/src/components/chat/src/css-modules/index.module.scss","52","column-gap","--ods-semantic-size-space-gap-inline","--ods-semantic-size-space-gap-inline","rename"
"packages/ods-recipes/src/components/chat/src/css-modules/index.module.scss","53","margin","--ods-theme-outline-offset","--ods-semantic-size-focus-offset","rename"
"packages/ods-recipes/src/components/chat/src/css-modules/index.module.scss","53","margin","--ods-theme-outline-offset","--ods-semantic-size-focus-offset","rename"
"packages/ods-recipes/src/components/status-modal/src/css-modules/index.module.scss","5","row-gap","--ods-theme-row-gap","--ods-semantic-size-space-gap-block","rename"
"packages/ods-recipes/src/components/status-modal/src/css-modules/index.module.scss","10","row-gap","--ods-theme-row-gap","--ods-semantic-size-space-gap-block","rename"
"packages/ods-recipes/src/components/status-modal/src/css-modules/index.module.scss","15","column-gap","--ods-semantic-size-space-gap-inline","--ods-semantic-size-space-gap-inline","rename"
"packages/ods-recipes/src/components/range-input/src/tailwind/index.tsx","20","","--ods-semantic-size-space-gap-inline","--ods-semantic-size-space-gap-inline","rename"
"packages/ods-recipes/src/components/range-input/src/css-modules/index.module.scss","4","column-gap","--ods-semantic-size-space-gap-inline","--ods-semantic-size-space-gap-inline","rename"
"packages/ods-recipes/src/components/data-grid-with-query-filter/src/css-modules/index.module.scss","4","row-gap","--ods-theme-row-gap","--ods-semantic-size-space-gap-block","rename"
"packages/ods-recipes/src/components/data-grid-with-query-filter/src/css-modules/index.module.scss","16","gap","--ods-theme-row-gap","--ods-semantic-size-space-gap-block","rename"
"packages/ods-recipes/src/components/data-grid-with-query-filter/src/css-modules/index.module.scss","16","gap","--ods-semantic-size-space-gap-inline","--ods-semantic-size-space-gap-inline","rename"
"packages/ods-recipes/src/components/email-field/src/css-modules/index.module.scss","17","background-color","--ods-theme-background-color-readonly","--ods-semantic-color-surface-readonly","rename"
"packages/ods-recipes/src/components/email-field/src/css-modules/index.module.scss","31","padding","--ods-theme-padding-horizontal","--ods-semantic-size-space-inset-inline","rename"
"packages/ods-recipes/src/components/config-tile/src/css-modules/index.module.scss","5","gap","--ods-theme-row-gap","--ods-semantic-size-space-gap-block","rename"
"packages/ods-recipes/src/components/config-tile/src/css-modules/index.module.scss","5","gap","--ods-semantic-size-space-gap-inline","--ods-semantic-size-space-gap-inline","rename"
"packages/ods-recipes/src/components/config-tile/src/css-modules/index.module.scss","14","gap","--ods-theme-row-gap","--ods-semantic-size-space-gap-block","rename"
"packages/ods-recipes/src/components/config-tile/src/css-modules/index.module.scss","14","gap","--ods-semantic-size-space-gap-inline","--ods-semantic-size-space-gap-inline","rename"
"packages/ods-recipes/src/components/config-tile/src/css-modules/index.module.scss","15","padding","--ods-theme-padding-vertical","--ods-semantic-size-space-inset-block","rename"
"packages/ods-recipes/src/components/config-tile/src/css-modules/index.module.scss","21","row-gap","--ods-theme-row-gap","--ods-semantic-size-space-gap-block","rename"
"packages/ods-recipes/src/components/config-tile/src/css-modules/index.module.scss","26","column-gap","--ods-semantic-size-space-gap-inline","--ods-semantic-size-space-gap-inline","rename"
"packages/ods-recipes/src/components/config-tile/src/css-modules/index.module.scss","34","gap","--ods-theme-row-gap","--ods-semantic-size-space-gap-block","rename"
"packages/ods-recipes/src/components/config-tile/src/css-modules/index.module.scss","34","gap","--ods-semantic-size-space-gap-inline","--ods-semantic-size-space-gap-inline","rename"
"packages/ods-recipes/src/components/config-tile/src/css-modules/index.module.scss","42","color","--ods-theme-success-color","--ods-semantic-color-content-success","split:content"
"packages/ods-recipes/src/components/config-tile/src/css-modules/index.module.scss","46","color","--ods-theme-text-color","--ods-semantic-color-content-text","rename"
"packages/ods-recipes/src/components/config-tile/src/css-modules/index.module.scss","74","color","--ods-theme-text-color","--ods-semantic-color-content-text","rename"
"packages/ods-recipes/src/components/config-tile/src/css-modules/index.module.scss","80","color","--ods-theme-primary-color","--ods-semantic-color-content-base","split:content"
"packages/ods-recipes/src/components/order-button/src/css-modules/index.module.scss","7","--ods-recipe-order-button-color-active","--ods-color-critical-700","--ods-semantic-color-content-on-critical","ramp:content"
"packages/ods-recipes/src/components/order-button/src/css-modules/index.module.scss","8","--ods-recipe-order-button-color-hover","--ods-color-critical-500","--ods-semantic-color-content-critical","ramp:content"
"packages/ods-recipes/src/components/order-button/src/css-modules/index.module.scss","13","column-gap","--ods-semantic-size-space-gap-inline","--ods-semantic-size-space-gap-inline","rename"
"packages/ods-recipes/src/components/order-button/src/css-modules/index.module.scss","16","border-radius","--ods-theme-border-radius","--ods-semantic-size-radius-container","rename"
"packages/ods-recipes/src/components/order-button/src/css-modules/index.module.scss","17","padding","--ods-theme-padding-vertical","--ods-semantic-size-space-inset-block","rename"
"packages/ods-recipes/src/components/order-button/src/css-modules/index.module.scss","17","padding","--ods-semantic-size-space-gap-inline","--ods-semantic-size-space-gap-inline","rename"
"packages/ods-recipes/src/components/order-button/src/css-modules/index.module.scss","17","padding","--ods-theme-padding-vertical","--ods-semantic-size-space-inset-block","rename"
"packages/ods-recipes/src/components/order-button/src/css-modules/index.module.scss","17","padding","--ods-theme-padding-horizontal","--ods-semantic-size-space-inset-inline","rename"
"packages/ods-recipes/src/components/order-button/src/css-modules/index.module.scss","22","background","--ods-theme-background-color-disabled","--ods-semantic-color-surface-disabled","rename"
"packages/ods-recipes/src/components/order-button/src/css-modules/index.module.scss","23","color","--ods-theme-text-color-disabled","--ods-semantic-color-content-disabled","rename"
"packages/ods-recipes/src/components/order-button/src/css-modules/index.module.scss","26","color","--ods-theme-text-color-disabled","--ods-semantic-color-content-disabled","rename"
"packages/ods-recipes/src/components/order-button/src/css-modules/index.module.scss","68","border-radius","--ods-theme-border-radius","--ods-semantic-size-radius-container","rename"
"packages/ods-recipes/src/components/order-button/src/css-modules/index.module.scss","70","padding","--ods-theme-padding-vertical","--ods-semantic-size-space-inset-block","rename"
"packages/ods-recipes/src/components/order-button/src/css-modules/index.module.scss","70","padding","--ods-theme-padding-horizontal","--ods-semantic-size-space-inset-inline","rename"
"packages/ods-recipes/src/components/feature-list-product-card/src/css-modules/index.module.scss","9","padding","--ods-theme-padding-vertical","--ods-semantic-size-space-inset-block","rename"
"packages/ods-recipes/src/components/feature-list-product-card/src/css-modules/index.module.scss","9","padding","--ods-theme-padding-horizontal","--ods-semantic-size-space-inset-inline","rename"
"packages/ods-recipes/src/components/feature-list-product-card/src/css-modules/index.module.scss","15","row-gap","--ods-theme-row-gap","--ods-semantic-size-space-gap-block","rename"
"packages/ods-recipes/src/components/feature-list-product-card/src/css-modules/index.module.scss","20","gap","--ods-theme-row-gap","--ods-semantic-size-space-gap-block","rename"
"packages/ods-recipes/src/components/feature-list-product-card/src/css-modules/index.module.scss","20","gap","--ods-semantic-size-space-gap-inline","--ods-semantic-size-space-gap-inline","rename"
"packages/ods-recipes/src/components/feature-list-product-card/src/css-modules/index.module.scss","26","row-gap","--ods-theme-row-gap","--ods-semantic-size-space-gap-block","rename"
"packages/ods-recipes/src/components/feature-list-product-card/src/css-modules/index.module.scss","34","color","--ods-theme-text-color","--ods-semantic-color-content-text","rename"
"packages/ods-recipes/src/components/feature-list-product-card/src/css-modules/index.module.scss","42","column-gap","--ods-semantic-size-space-gap-inline","--ods-semantic-size-space-gap-inline","rename"
"packages/ods-recipes/src/components/feature-list-product-card/src/css-modules/index.module.scss","46","color","--ods-theme-primary-color","--ods-semantic-color-content-base","split:content"
"packages/ods-recipes/src/components/feature-list-product-card/src/css-modules/index.module.scss","60","row-gap","--ods-theme-row-gap","--ods-semantic-size-space-gap-block","rename"
"packages/ods-recipes/src/components/feature-list-product-card/src/css-modules/index.module.scss","65","column-gap","--ods-semantic-size-space-gap-inline","--ods-semantic-size-space-gap-inline","rename"
"packages/ods-recipes/src/components/feature-list-product-card/src/css-modules/index.module.scss","73","--order-button-color-active","--ods-color-critical-700","--ods-semantic-color-content-on-critical","ramp:content"
"packages/ods-recipes/src/components/feature-list-product-card/src/css-modules/index.module.scss","74","--order-button-color-hover","--ods-color-critical-500","--ods-semantic-color-content-critical","ramp:content"
"packages/ods-recipes/src/components/feature-list-product-card/src/css-modules/index.module.scss","79","column-gap","--ods-semantic-size-space-gap-inline","--ods-semantic-size-space-gap-inline","rename"
"packages/ods-recipes/src/components/feature-list-product-card/src/css-modules/index.module.scss","83","border-radius","--ods-theme-border-radius","--ods-semantic-size-radius-container","rename"
"packages/ods-recipes/src/components/feature-list-product-card/src/css-modules/index.module.scss","84","padding","--ods-theme-padding-vertical","--ods-semantic-size-space-inset-block","rename"
"packages/ods-recipes/src/components/feature-list-product-card/src/css-modules/index.module.scss","84","padding","--ods-semantic-size-space-gap-inline","--ods-semantic-size-space-gap-inline","rename"
"packages/ods-recipes/src/components/feature-list-product-card/src/css-modules/index.module.scss","84","padding","--ods-theme-padding-vertical","--ods-semantic-size-space-inset-block","rename"
"packages/ods-recipes/src/components/feature-list-product-card/src/css-modules/index.module.scss","84","padding","--ods-theme-padding-horizontal","--ods-semantic-size-space-inset-inline","rename"
"packages/ods-recipes/src/components/feature-list-product-card/src/css-modules/index.module.scss","89","background","--ods-theme-background-color-disabled","--ods-semantic-color-surface-disabled","rename"
"packages/ods-recipes/src/components/feature-list-product-card/src/css-modules/index.module.scss","90","color","--ods-theme-text-color-disabled","--ods-semantic-color-content-disabled","rename"
"packages/ods-recipes/src/components/feature-list-product-card/src/css-modules/index.module.scss","93","color","--ods-theme-text-color-disabled","--ods-semantic-color-content-disabled","rename"
"packages/ods-recipes/src/components/feature-list-product-card/src/css-modules/index.module.scss","135","border-radius","--ods-theme-border-radius","--ods-semantic-size-radius-container","rename"
"packages/ods-recipes/src/components/feature-list-product-card/src/css-modules/index.module.scss","137","padding","--ods-theme-padding-vertical","--ods-semantic-size-space-inset-block","rename"
"packages/ods-recipes/src/components/feature-list-product-card/src/css-modules/index.module.scss","137","padding","--ods-theme-padding-horizontal","--ods-semantic-size-space-inset-inline","rename"
"packages/ods-recipes/src/components/feature-list-product-card/src/css-modules/index.module.scss","147","row-gap","--ods-theme-row-gap","--ods-semantic-size-space-gap-block","rename"
"packages/ods-recipes/src/components/feature-list-product-card/src/css-modules/index.module.scss","154","row-gap","--ods-theme-row-gap","--ods-semantic-size-space-gap-block","rename"
"packages/ods-recipes/src/components/feature-list-product-card/src/css-modules/index.module.scss","158","margin-left","--ods-semantic-size-space-gap-inline","--ods-semantic-size-space-gap-inline","rename"
"packages/ods-recipes/src/components/feature-list-product-card/src/css-modules/index.module.scss","159","color","--ods-theme-primary-color","--ods-semantic-color-content-base","split:content"
"packages/ods-recipes/src/components/feature-list-product-card/src/css-modules/index.module.scss","166","row-gap","--ods-theme-row-gap","--ods-semantic-size-space-gap-block","rename"
"packages/ods-recipes/src/components/feature-list-product-card/src/css-modules/index.module.scss","174","column-gap","--ods-semantic-size-space-gap-inline","--ods-semantic-size-space-gap-inline","rename"
"packages/ods-recipes/src/components/feature-list-product-card/src/css-modules/index.module.scss","178","margin-left","--ods-semantic-size-space-gap-inline","--ods-semantic-size-space-gap-inline","rename"
"packages/ods-recipes/src/components/feature-list-product-card/src/css-modules/index.module.scss","179","color","--ods-theme-primary-color","--ods-semantic-color-content-base","split:content"
"packages/ods-recipes/src/components/feature-list-product-card/src/css-modules/index.module.scss","183","color","--ods-theme-success-color","--ods-semantic-color-content-success","split:content"
"packages/ods-recipes/src/components/feature-list-product-card/src/css-modules/index.module.scss","192","background-color","--ods-theme-background-color-readonly","--ods-semantic-color-surface-readonly","rename"
"packages/ods-recipes/src/components/data-grid/src/css-modules/index.module.scss","4","row-gap","--ods-theme-row-gap","--ods-semantic-size-space-gap-block","rename"
"packages/ods-recipes/src/components/data-grid/src/css-modules/index.module.scss","9","column-gap","--ods-semantic-size-space-gap-inline","--ods-semantic-size-space-gap-inline","rename"
"packages/ods-recipes/src/components/data-grid/src/css-modules/index.module.scss","15","column-gap","--ods-semantic-size-space-gap-inline","--ods-semantic-size-space-gap-inline","rename"